<?xml version="1.0" encoding="UTF-8"?>
<!DOCTYPE syntax SYSTEM "symbol.dtd">
<symbols>

    <!-- STUDIO -->
    <symbol id="Pragma marks" font-weight="normal" font-style="normal" image="SymbolMark" indentation="0" ignoreblocks="no" show-in-comments="yes">
        <regex>/\* !(.+) \*/</regex>
    </symbol>

    <symbol id="Import" font-weight="normal" font-style="normal" image="Symbol-Import" indentation="0" ignoreblocks="no" show-in-comments="yes">
        <regex>(\@import)</regex>
    </symbol>
    <symbol id="Turbine" font-weight="normal" font-style="normal"indentation="0" ignoreblocks="no" show-in-comments="yes">
        <regex>(\@turbine)</regex>
    </symbol>
    <symbol id="Constants" font-weight="normal" font-style="normal" indentation="0" ignoreblocks="no" show-in-comments="yes">
        <regex>(\@constants)</regex>
    </symbol>
</symbols>
